title,company,location,link
Pre-Sales Engineer / Solutions Specialist,Flowcast Inc.,Singapore,https://stackoverflow.com/jobs/333722/
Senior Software Engineer in Test - Mobile,Coupa,"Pune, India",https://stackoverflow.com/jobs/333609/
"Senior Software Engineer, Python / Flask",Verys,"Irvine, CA",https://stackoverflow.com/jobs/358579/
バックエンドエンジニア責任者候補(地方) / 不動産賃貸・仲介・管理,株式会社 TAPP,"Nagoya, Japan",https://stackoverflow.com/jobs/358570/
コーダー(地方支社) / 不動産賃貸・仲介・管理,株式会社 TAPP,"Nagoya, Japan",https://stackoverflow.com/jobs/358569/
Data Product Engineer / Data Platform,LINE株式会社,"Shinjuku City, Japan",https://stackoverflow.com/jobs/310074/
データオペレーション,株式会社パソナ,"Chiyoda City, Japan",https://stackoverflow.com/jobs/358568/
"システム開発(Web・オープン系,汎用系)",パーソル パナソニック HRパートナーズ株式会社,"Osaka, Japan",https://stackoverflow.com/jobs/341906/
ゲーム開発エンジニア(サーバサイド),株式会社アドミック,"Osaka, Japan",https://stackoverflow.com/jobs/358567/
三軒茶屋 機械学習 早めにスタート!,フィック株式会社,"Setagaya City, Japan",https://stackoverflow.com/jobs/358563/
Data Engineer / LINE広告,LINE株式会社,"Shinjuku City, Japan",https://stackoverflow.com/jobs/316542/
【経験者大歓迎!】エンジニア 関わりたい案件を選べる,アクサス株式会社,"Fukuoka, Japan",https://stackoverflow.com/jobs/356612/
システム関連　システムエンジニア #副業可能#寮あり#上京してフルタイム勤務#スキルアップ,ライフラボ福岡営業所,"Fukuoka, Japan",https://stackoverflow.com/jobs/358561/
【年齢不問・ブランクOK】社会人経験0から応募可能‼　駅近 システムエンジニアのお仕事,株式会社PCサービス,"Sapporo, Japan",https://stackoverflow.com/jobs/341876/
アプリ開発・設計スタッフ 勤務時間・働き方自由,有限会社 来栖川電算,"Nagoya, Japan",https://stackoverflow.com/jobs/346132/
CTO室メンバー職,type転職エージェント,"Chuo City, Japan",https://stackoverflow.com/jobs/346131/
[DTS] TCS Interactive テクニカルマネージャー/テクニカルリード,日本タタ・コンサルタンシー・サービシズ株式会社,"Minato City, Japan",https://stackoverflow.com/jobs/346129/
SE(Java、Python、PHP、Scala/AI、機械学習),type転職エージェント,"Taito City, Japan",https://stackoverflow.com/jobs/346127/
バックエンドエンジニア《Python・PHP 経験者大歓迎》,株式会社エルテス,"Chiyoda City, Japan",https://stackoverflow.com/jobs/346124/
Data Engineer in Fintech,Flowcast Inc.,"San Francisco, CA",https://stackoverflow.com/jobs/333598/
Polyglot Software Engineers for next generation R+D Cyber Security Program,Hays plcviaHays plc,"Sydney, Australia",https://stackoverflow.com/jobs/170915/
Junior Full Stack Software Engineer,Warner MusicviaHays plc,"Haymarket, Australia",https://stackoverflow.com/jobs/333490/
システム開発(オープン・WEB・モバイル),大化物流開発合同会社,"Osaka, Japan",https://stackoverflow.com/jobs/333522/
"Engineer, Platform - MongoDB/RDS",Auth0,No office location,https://stackoverflow.com/jobs/333492/
"Sr. Engineer, Test - Performance",Auth0,No office location,https://stackoverflow.com/jobs/333491/
Software Engineer (Python - Web/Backend),READY Robotics,"Columbus, OH",https://stackoverflow.com/jobs/337654/
Junior Software Developer/Swift iOS,OtoJig GmbH,"Hannover, Germany",https://stackoverflow.com/jobs/312244/
Software Security Engineer (Bowtie.ai by MINDBODY),MINDBODY Inc.,"New York, NY",https://stackoverflow.com/jobs/272945/
"Senior Software Engineer, Fullstack",valora digital.,"Zürich, Switzerland",https://stackoverflow.com/jobs/302271/
Head of Engineering,valora digital.,"Zürich, Switzerland",https://stackoverflow.com/jobs/301871/
Senior Software Developer,"BPI, Inc","Vancouver, BC, Canada",https://stackoverflow.com/jobs/302265/
Senior DevOps Engineer,J. Crew,"New York, NY",https://stackoverflow.com/jobs/293779/
Ingeniero/a en Informática,Tech For Society SL,"Donostia-San Sebastian, Spain",https://stackoverflow.com/jobs/358556/
"Senior Backend Engineer (Ruby, Python)",Transfix,"New York, NY",https://stackoverflow.com/jobs/284193/
Engineering Manager,Force Therapeutics,"New York, NY",https://stackoverflow.com/jobs/260145/
Software Engineer Principal,The Home Depot,"Atlanta, GA",https://stackoverflow.com/jobs/288471/
Senior Software Engineer,The Home Depot,"Atlanta, GA",https://stackoverflow.com/jobs/302712/
Cybersecurity Staff-Lead Engineer – Endpoint Security,The Home Depot,"Austin, TX",https://stackoverflow.com/jobs/334604/
Cybersecurity Senior Engineer – Endpoint Security,The Home Depot,"Austin, TX",https://stackoverflow.com/jobs/334609/
Manager of Cloud Architecture,Ultimate Software,"Fort Lauderdale, FL",https://stackoverflow.com/jobs/346109/
Cloud Engineer- Hot Open Source Database Company,"Timescale, Inc.","New York, NY",https://stackoverflow.com/jobs/200356/
.Net Developer,Chatham Financial,"Kennett Square, PA",https://stackoverflow.com/jobs/346105/
Lead Full Stack Developer,Chatham Financial,"Littleton, CO",https://stackoverflow.com/jobs/346103/
Full Stack Software Developer,Chatham Financial,"Littleton, CO",https://stackoverflow.com/jobs/346091/
Full Stack Software Developer,Chatham Financial,"Kennett Square, PA",https://stackoverflow.com/jobs/346090/
Senior Database Engineer (DB Engines),HaysviaHays plc,"Burbank, CA",https://stackoverflow.com/jobs/346089/
Full Stack Developer with AWS Experience,HaysviaHays plc,"Orlando, FL",https://stackoverflow.com/jobs/346087/
Senior Data Engineer (Spark / Python / MySQL),HaysviaHays plc,"Glendale, CA",https://stackoverflow.com/jobs/346079/
Team Happiness Engineer,Balena,No office location,https://stackoverflow.com/jobs/333453/
FleetOps Engineer,Balena,No office location,https://stackoverflow.com/jobs/333443/
Full stack developer wanted!,The Treehouse Internet Group,"Seymour, CT",https://stackoverflow.com/jobs/107361/
Senior Site Reliability Engineer - Global eLearning Platform - SF or Denver,Source Coders Inc,"San Francisco, CA",https://stackoverflow.com/jobs/358550/
Platform Engineering Manager (Chicago or Dallas),"Yum! Brands, Inc.","Chicago, IL",https://stackoverflow.com/jobs/333417/
Senior Backend Developer,Mercurius BI srl,"Milano, Italy",https://stackoverflow.com/jobs/293722/
"Senior Full-stack Software Engineer (Ruby, Python)",Transfix,"New York, NY",https://stackoverflow.com/jobs/346050/
Senior Software Engineer,Mapp Digital,"Munich, Germany",https://stackoverflow.com/jobs/346047/
Sr. Software Engineers,Daugherty Business Solutions,"Franklin Lakes, NJ",https://stackoverflow.com/jobs/240550/
Lead Systems Engineer,Vistaprint,"Waltham, MA",https://stackoverflow.com/jobs/293708/
Senior Python Engineer - Incident Management,Zalando SE,"Berlin, Germany",https://stackoverflow.com/jobs/333399/
SDET - Proactive Intelligence,Apple,"Cupertino, CA",https://stackoverflow.com/jobs/321332/
Data Engineer - Business Intelligence,Apple,Singapore,https://stackoverflow.com/jobs/312571/
SW Developer- DevOps,Apple,"Herzliya, Israel",https://stackoverflow.com/jobs/342254/
"Software Validation Engineer- Israel, Herzliya",Apple,"Herzliya, Israel",https://stackoverflow.com/jobs/342248/
Apple Cloud Infrastructure - Storage Site Reliability Engineer (SRE),Apple,"London, UK",https://stackoverflow.com/jobs/358542/
Senior Business Analyst Maps Operations,Apple,"Austin, TX",https://stackoverflow.com/jobs/358540/
Siri - Site Reliability Engineering Manager,Apple,"London, UK",https://stackoverflow.com/jobs/311418/
"Lead Marketing Experimentation Data Scientist, Apple Media Products Data Science",Apple,"Cupertino, CA",https://stackoverflow.com/jobs/358538/
HomeKit Software Integrity Engineer,Apple,"Cupertino, CA",https://stackoverflow.com/jobs/354373/
Maps Evaluation Data Engineer,Apple,"Cupertino, CA",https://stackoverflow.com/jobs/342190/
NFC Framework QA Engineer,Apple,"Cupertino, CA",https://stackoverflow.com/jobs/358536/
Data Scientist,Mercurius BI srl,"Milano, Italy",https://stackoverflow.com/jobs/293699/
Softwareentwickler (m/w/d) Client- / Server-Anwendungen,invenio Virtual Technologies GmbH,"Ismaning, Deutschland",https://stackoverflow.com/jobs/346036/
Java Softwareentwickler (m/w/d) Serverentwicklung,invenio Virtual Technologies GmbH,"Ismaning, Deutschland",https://stackoverflow.com/jobs/346034/
Senior React Developer,FileWave Gmbh,"Düsseldorf, Deutschland",https://stackoverflow.com/jobs/268691/
Senior Software Engineer Platform Development (m/f/d),On Running,"Berlin, Germany",https://stackoverflow.com/jobs/290364/
Data Scientist - Entry Level,Pathrise,Remote,https://www.indeed.com/viewjob?jk=602196c5ea2f32da
Full Time Opportunities for Students or Recent Graduates: Data & Applied Sciences,Microsoft,"Redmond, WA",https://www.indeed.com/viewjob?jk=11baba484db23433
Content Contributor: Python and Flask,Codecademy,Remote,https://www.indeed.com/viewjob?jk=eeeeaca1d923b164
Content Contributor: Data Analysis with R,Codecademy,Remote,https://www.indeed.com/viewjob?jk=7502ecf2e0c40724
Full Time Opportunities for PhD Students or Recent Graduates: Data & Applied Sciences,Microsoft,"Redmond, WA",https://www.indeed.com/viewjob?jk=75f326050b1b7c10
Python Developer Intern,OXO Solutions,"Ruby, SC",https://www.indeed.com/viewjob?jk=84a541c104b5b24c
Python developer,Ace-stack LLC,"Columbus, OH",https://www.indeed.com/viewjob?jk=1d5ad11bdbc0e360
New College Graduate - Python,Saama Technologies Inc,"Campbell, CA",https://www.indeed.com/viewjob?jk=64ab643ca4e40bf8
Content Contributor: ASP.NET and C#,Codecademy,Remote,https://www.indeed.com/viewjob?jk=21acc5c671ea4daf
Research intern,Parametric,United States,https://www.indeed.com/viewjob?jk=d25f3b3c66bd5553
Junior Data Scientist,ROSEN Group,"Columbus, OH",https://www.indeed.com/viewjob?jk=c3428020bdd17a99
Events Coordinator,CodeCombat,Remote,https://www.indeed.com/viewjob?jk=4554133f25571d59
"Associate Computational Scientist, Neurosciences",Mount Sinai,"New York, NY",https://www.indeed.com/viewjob?jk=cdc60d4c9c79ce80
Quantitative Trader - Entry Level,Avatar Securities,"Chicago, IL",https://www.indeed.com/viewjob?jk=d01efa8dad29efdc
Entry Level Data Analyst,Hopjump,"Boston, MA",https://www.indeed.com/viewjob?jk=2532431132ffbda1
Jr.Python developer,Ace-stack LLC,"Houston, TX",https://www.indeed.com/viewjob?jk=3519843eea99fbe5
Trader,"Hehmeyer, LLC","Chicago, IL",https://www.indeed.com/viewjob?jk=3e190370de03fa48
Cyber Internships- Maryland (Summer 2020),Perspecta Labs,"Silver Spring, MD",https://www.indeed.com/viewjob?jk=5c3d90184c66e5d7
Post Doctoral Researcher,The Ohio State University,"Columbus, OH",https://www.indeed.com/viewjob?jk=1c422d55956dc8f6
Graduate Internship – Building Energy Modeling (Year Round),National Renewable Energy Laboratory,United States,https://www.indeed.com/viewjob?jk=e9bbc09125b1f778
Java Python developer,Ace-stack LLC,"Columbus, OH",https://www.indeed.com/viewjob?jk=2a89a74030730ac4
Python Developer,Akra Tech,Remote,https://www.indeed.com/viewjob?jk=b4746b42ba857a6b
Sports Research Analyst,Sportradar AG,"Minneapolis, MN",https://www.indeed.com/viewjob?jk=e106cb1f2fb13003
Staff Scientist,Inpria Corporation,"Corvallis, OR",https://www.indeed.com/viewjob?jk=d041eab63425aecb
Consulting Professors,Saylor Academy,Remote,https://www.indeed.com/viewjob?jk=edb0eb6a7ba31772
Researcher,Blue Owl,"San Francisco, CA",https://www.indeed.com/viewjob?jk=a43525452007febf
Junior Python Developer,Bank of America,"Chicago, IL",https://www.indeed.com/viewjob?jk=053efab77ef642bd
Research Scientist,LOCKHEED MARTIN CORPORATION,"Billerica, MA",https://www.indeed.com/viewjob?jk=c933f49164b051f9
Research Scientist,Intel,"Phoenix, AZ",https://www.indeed.com/viewjob?jk=43c87b18a127da32
Python Tester,Ace-stack LLC,"Columbus, IN",https://www.indeed.com/viewjob?jk=09c1ae917b2a82db
Python Developer,Callsign Media,"Las Vegas, NV",https://www.indeed.com/viewjob?jk=345e22ca6e583be5
Data Center Technician,"Amazon Data Services, Inc.","Chantilly, VA",https://www.indeed.com/viewjob?jk=d66389e53911b420
Data Scientist (Python),Applied Memetics LLC,Remote,https://www.indeed.com/viewjob?jk=0f16c57e35f21a63
Rigging TD,Technicolor,"Los Angeles, CA",https://www.indeed.com/viewjob?jk=22f2066a6c3c6cd6
Python Developer,"Accolite, Inc.","San Francisco, CA",https://www.indeed.com/viewjob?jk=fba1d294996286c5
Associate Researcher,Medical Informatics Corp.,"Houston, TX",https://www.indeed.com/viewjob?jk=0893087e208c12b2
2020 Summer Research Internship,Resources for the Future (RFF),"Washington, DC",https://www.indeed.com/viewjob?jk=957a4f54ff4ea29b
SDET – Python,Highbrow LLC,"Seattle, WA",https://www.indeed.com/viewjob?jk=a69674cb17e7ad68
Junior Data Engineer,McKinsey & Company,"San Jose, CA",https://www.indeed.com/viewjob?jk=8d050c898b7787f0
Data and Insights Research Associate,Capital Group,"Los Angeles, CA",https://www.indeed.com/viewjob?jk=043ef0afb0d59d48
Python Developer,Avani Technology Solutions Inc,"Milpitas, CA",https://www.indeed.com/viewjob?jk=f65f341dc9f2093e
Python Developer,Haneke Design,"Tampa, FL",https://www.indeed.com/viewjob?jk=542b21736b6bca61
"Sustainability & Environmental, Social and Governance (ESG) Analyst",CITI,"New York, NY",https://www.indeed.com/viewjob?jk=44c8e48865128c5b
Python Engineer - Equinox Fitness Clubs,EQUINOX,"New York, NY",https://www.indeed.com/viewjob?jk=20fd9b8327ee61c7
Baseball Research and Development Analyst,Milwaukee Brewers,"Milwaukee, WI",https://www.indeed.com/viewjob?jk=d08dd3faa11c59dd
"Python NumPy Developer, Fixed Income+ USC/GC- JC",Select Group,"Jersey City, NJ",https://www.indeed.com/viewjob?jk=4b151eb6f6ac1ab4
Content Creator,LeetCode,Remote,https://www.indeed.com/viewjob?jk=e94af63cb41ad9b5
Software Developer Associate ( PowerShell / Python ),PNC Financial Services Group,"Pittsburgh, PA",https://www.indeed.com/viewjob?jk=e927d44d664d65b0
Python Engineer,American Express,"Phoenix, AZ",https://www.indeed.com/viewjob?jk=4078006328ca9cd0
Quantitative Research,JP Morgan Chase,"New York, NY",https://www.indeed.com/viewjob?jk=965800288a6df797
2020 Summer Research Internship,Resources for the Future (RFF),"Washington, DC",https://www.indeed.com/viewjob?jk=957a4f54ff4ea29b
Researcher,Blue Owl,"San Francisco, CA",https://www.indeed.com/viewjob?jk=a43525452007febf
Data Engineer (Entry level),NCR,United States,https://www.indeed.com/viewjob?jk=d26fb543d03405b0
System Administrator - Entry Level,"Silotech Group, Inc","Columbia, MD",https://www.indeed.com/viewjob?jk=65ab8500440cf2fb
Data Scientist,ROSEN Group,"Columbus, OH",https://www.indeed.com/viewjob?jk=f663a8421ae075f1
Associate Researcher,Medical Informatics Corp.,"Houston, TX",https://www.indeed.com/viewjob?jk=0893087e208c12b2
Entry Level - Cognitive Developer,IBM,United States,https://www.indeed.com/viewjob?jk=143b1d197bfcf961
Software Developer Associate ( PowerShell / Python ),PNC Financial Services Group,"Pittsburgh, PA",https://www.indeed.com/viewjob?jk=e927d44d664d65b0
Baseball Research and Development Analyst,Milwaukee Brewers,"Milwaukee, WI",https://www.indeed.com/viewjob?jk=d08dd3faa11c59dd
Python Engineer,System1,"Venice, CA",https://www.indeed.com/viewjob?jk=0ec299168b6ff915
Economist,World Bank Group,"Washington, DC",https://www.indeed.com/viewjob?jk=b1c9c883b323a96f
Battery Engineer (Spring 2020 Graduates),Panasonic Energy of North America,"Sparks, NV",https://www.indeed.com/viewjob?jk=cee505acad317ffe
PYTHON DEVELOPER,Pythonwise,"Seattle, WA",https://www.indeed.com/viewjob?jk=1a20a1c56fb7df73
Data Analyst - Humble Bundle,Humble Bundle,"San Francisco, CA",https://www.indeed.com/viewjob?jk=849d29b40960ef07
Cartographer,Apple,"Santa Clara Valley, CA",https://www.indeed.com/viewjob?jk=84ea589ad89a3f2a
Junior Penetration Tester,Information and Infrastructure Technologies,"Arlington, VA",https://www.indeed.com/viewjob?jk=963fd6b46784e789
Researcher Economist,Microsoft,"Redmond, WA",https://www.indeed.com/viewjob?jk=4ce8990f29e1002a
Python Developer,Bank of America,"New York, NY",https://www.indeed.com/viewjob?jk=050d116593314f5e
Python Engineer,American Express,"Phoenix, AZ",https://www.indeed.com/viewjob?jk=4078006328ca9cd0
"Python NumPy Developer, Fixed Income+ USC/GC- JC",Select Group,"Jersey City, NJ",https://www.indeed.com/viewjob?jk=4b151eb6f6ac1ab4
Game Mathematician,Adriyana Solutions,Remote,https://www.indeed.com/viewjob?jk=2bca1c4a8124da50
Quantitative Research,JP Morgan Chase,"New York, NY",https://www.indeed.com/viewjob?jk=965800288a6df797
DATA ENTRY SPECIALIST,Toole Design Group LLC,"Silver Spring, MD",https://www.indeed.com/viewjob?jk=a45d4224d5e682ef
Senior Python Developer,eMoney Advisor,Remote,https://www.indeed.com/viewjob?jk=4d55a4ab5227939b
Player Development Coach,Detroit Tigers,"Lakeland, FL",https://www.indeed.com/viewjob?jk=9686dad201d15f1e
Data Scientist,Spry Health,"Palo Alto, CA",https://www.indeed.com/viewjob?jk=cca66786a20e3576
Motion Scientist,Apple,"Santa Clara Valley, CA",https://www.indeed.com/viewjob?jk=d30739332d73cfb9
Data Technician (Full- or Part-Time),Thasos Group,"New York, NY",https://www.indeed.com/viewjob?jk=da727c0cddda240e
Catastrophe Risk Associate,Homesite Insurance,United States,https://www.indeed.com/viewjob?jk=1efaaee506123bc3
Senior Python Developer,CAPCO,"New York, NY",https://www.indeed.com/viewjob?jk=d472daeca146f58b
"Data Scientist, Baseball Research & Development",Cleveland Indians - Baseball Operations,"Cleveland, OH",https://www.indeed.com/viewjob?jk=00de1c78b0a23319
Python Developer,ServiceTitan,"Los Angeles, CA",https://www.indeed.com/viewjob?jk=efc3c78c34f1fb3e
Stage TD,Technicolor,"Los Angeles, CA",https://www.indeed.com/viewjob?jk=c5fadf8763d19c43
Python разработчик,WaveAccess,United States,https://www.indeed.com/viewjob?jk=d6df26980f5d9a81
Data Scientist,Backcountry,"Park City, UT",https://www.indeed.com/viewjob?jk=f9ae754f558e9e2a
Python Quantitative Engineer - for Cash Equities Trading,JPMorgan Chase,"New York, NY",https://www.indeed.com/viewjob?jk=a8b1a43a946c1655
"R & Python, Machine and Deep Learning Algorithms professional",AGUILASS,United States,https://www.indeed.com/viewjob?jk=e636682ce31db65f
Service Engineer,Microsoft,"Redmond, WA",https://www.indeed.com/viewjob?jk=3ce06d754252c2e0
Data Scientist,Turner,"New York, NY",https://www.indeed.com/viewjob?jk=e551e1d7213819a3
Data Analyst,"TrueCar, Inc.",United States,https://www.indeed.com/viewjob?jk=c7b59b378c5189b1
Seismic Research Engineer,One Concern,"Menlo Park, CA",https://www.indeed.com/viewjob?jk=652d116492adfef3
"Data Analyst, Video Games","Take-Two Interactive Software, Inc.","New York, NY",https://www.indeed.com/viewjob?jk=848a93b2ee9a11e8
3D MODELER,Gradient Effects,"Los Angeles, CA",https://www.indeed.com/viewjob?jk=0eddc19b6d5c9629
Global Climate Modeling Intern,Vulcan Inc.,"Seattle, WA",https://www.indeed.com/viewjob?jk=bf05c57d02837cb5
Biomedical Informaticist,pulseData,"New York, NY",https://www.indeed.com/viewjob?jk=a58b97397caf4f24
DATA SCIENTIST,Rho AI,United States,https://www.indeed.com/viewjob?jk=b1bf9d975b4cdd0b
Clinical & Quantitative Pharmacology Intern,AstraZeneca Pharmaceuticals Inc,"Gaithersburg, MD",https://www.indeed.com/viewjob?jk=7348ed53bfdb175e
Students - Equity Trading Desk Internship Summer 2019,SMB Capital,"New York, NY",https://www.indeed.com/viewjob?jk=7649cd45d0afd8f0
Backend Python Engineer,Numerator,"San Francisco, CA",https://www.indeed.com/viewjob?jk=a3be36fc6c68ac63
"Data Scientist: Bloomingdale's, New York, NY",Bloomingdale's,"New York, NY",https://www.indeed.com/viewjob?jk=381ec9f6362cd3c7
Python Developer,Exodus Integrity Services,"Cleveland, OH",https://www.indeed.com/viewjob?jk=fa193beb356a790e
Python Full Stack Developer,"CGI Group, Inc.","Lafayette, LA",https://www.indeed.com/viewjob?jk=34a8338f29d94920
Technician,Quantum Spatial INC,"Corvallis, OR",https://www.indeed.com/viewjob?jk=a5734d3d70d5a237
Analytical Linguist,Google,"Los Angeles, CA",https://www.indeed.com/viewjob?jk=d61067281e439315
Distinguished Postdoctoral Scholar,Penn State University,"University Park, PA",https://www.indeed.com/viewjob?jk=8e31227e5d8bce7a
RESEARCH COORDINATOR,New York City HRA/DEPT OF SOCIAL SERVICES,"Manhattan, NY",https://www.indeed.com/viewjob?jk=6f262bbeb3fa11c7
Jr Python Quantitative Developer,Freddie Mac,"McLean, VA",https://www.indeed.com/viewjob?jk=c09466828dcbca1f
Neuroscientist (Hardware Focus),Kernel,"Culver City, CA",https://www.indeed.com/viewjob?jk=35d2f62ef3c6f482
Software Engineer,Administrate,Remote,https://www.indeed.com/viewjob?jk=6134b18bb0a69137
Python Developer,Phoenix LLC,"Madison, WI",https://www.indeed.com/viewjob?jk=57854e9e2eac75dc
Associate Global Portfolio Analyst,Eaton Vance,United States,https://www.indeed.com/viewjob?jk=2a2252adf0ffb0c8
Python Engineer,JPMorgan Chase,"Wilmington, DE",https://www.indeed.com/viewjob?jk=d971e2b60ad6a63a
Seattle Mariners R&D Analytics Positions - Internship & Full Time,The Seattle Mariners,"Seattle, WA",https://www.indeed.com/viewjob?jk=3864e34a4cac732d
Python Developer,Avani Systems,"Newark, DE",https://www.indeed.com/viewjob?jk=2adef6dc99e86686
"Python Developer, Fixed Income+ USC/GC - C",Select Group,"Coppell, TX",https://www.indeed.com/viewjob?jk=d27f3932739d3b04
Hadoop – Pyspark – Python,TeQbeat,"Los Angeles, CA",https://www.indeed.com/viewjob?jk=37947daa1d10ee96
Python Software Intern,Formlabs,"Somerville, MA",https://www.indeed.com/viewjob?jk=695fb61932354586
Scientifique des données/ Data Scientist,CAE Inc.,"Warrensburg, IL",https://www.indeed.com/viewjob?jk=110be841ad925a5c
Software Engineers & Web Developers,1DocWay,"New York, NY",https://www.indeed.com/viewjob?jk=597b9830f39b5420
Mocap TD,Technicolor,"Los Angeles, CA",https://www.indeed.com/viewjob?jk=c4cc0592e92e0201
"Test Engineer, Entry Level",Alion Science and Technology,"Linthicum Heights, MD",https://www.indeed.com/viewjob?jk=be077423a81f12aa
Chemometrician,Phillips 66,"Bartlesville, OK",https://www.indeed.com/viewjob?jk=6f31059fe3a9f535
IT Internship Program - Summer 2020,World Fuel,"Miami, FL",https://www.indeed.com/viewjob?jk=b25ea8632a10a055
Quantitative Analysis Intern,Parametric,United States,https://www.indeed.com/viewjob?jk=d314e9a9edf8aadd
Python / Kubernetes Developer,Applied Memetics LLC,Remote,https://www.indeed.com/viewjob?jk=89778fe6b27a642d
Geothermal Production Engineer,Calpine,"Middletown, CA",https://www.indeed.com/viewjob?jk=2b5671493166d6e9
Software Engineer - Python (Contract),Capgemini,"New York, NY",https://www.indeed.com/viewjob?jk=8b9c6c3b2e289040
"Data Scientist (Data Visualization), Free",Spotify,"New York, NY",https://www.indeed.com/viewjob?jk=cc7f96ea16a07bf5
Solutions Consultant I,AT&T,"New York, NY",https://www.indeed.com/viewjob?jk=e262a0b2c99507ee
Front End Gate-Level Timing Flows & Methodologies,Apple,"Santa Clara Valley, CA",https://www.indeed.com/viewjob?jk=8012b4e5b35deb86
Junior Angular Developer,Amergint Technologies Inc,"Broomfield, CO",https://www.indeed.com/viewjob?jk=5c6d1857dcbb10f7
Quantitative Strategist,MassMutual,"Boston, MA",https://www.indeed.com/viewjob?jk=3448a311b140b77d
Research Data Analyst 2,UC San Diego,"San Diego, CA",https://www.indeed.com/viewjob?jk=60cdab999de3ef4d
"Intern, Data Science",Madison Logic,"New York, NY",https://www.indeed.com/viewjob?jk=b6ccc8311d17147b
Data Annotation Operator,Toyota Research Institute,"Los Altos, CA",https://www.indeed.com/viewjob?jk=37a3a5075c4c8485
Marketing Manager,CodeCombat,Remote,https://www.indeed.com/viewjob?jk=3841cc9e8230fcf0
Safety Investigator,Facebook,"Sunnyvale, CA",https://www.indeed.com/viewjob?jk=9ec6501f30e3993e
Research Associate,AllianceBernstein,"New York, NY",https://www.indeed.com/viewjob?jk=640833140f02d8c6
Machine Learning Intern,DocuSign,"San Francisco, CA",https://www.indeed.com/viewjob?jk=cbb999d233be3d5e
Entry Level - Software Developer,Smoothstack Inc,"Fairfax, VA",https://www.indeed.com/viewjob?jk=e49f6527e777a4a3
2020 Co-Op - Back End Developer (Jan. Start),IBM,United States,https://www.indeed.com/viewjob?jk=5ad2f48ce06d1927
Computational Intern,Day Zero Diagnostics,"Boston, MA",https://www.indeed.com/viewjob?jk=8cd378d74d29bc2c
Junior Data Scientist,Berkley,"Chesterfield, MO",https://www.indeed.com/viewjob?jk=53accde2cc382661
Data Analyst Intern,#TeamGoHealth,"Chicago, IL",https://www.indeed.com/viewjob?jk=71670cd052739216
Scientist,Lynker Technologies,"Tuscaloosa, AL",https://www.indeed.com/viewjob?jk=ea330a62910716ac
Internship Opportunities for PhD Students: Data & Applied Sciences,Microsoft,"Redmond, WA",https://www.indeed.com/viewjob?jk=f85ad23d857625d4
Pixar Undergraduate Program (PUP) - Summer 2020,Disney,"Emeryville, CA",https://www.indeed.com/viewjob?jk=d4b24aff07425414
Geotech Engineer,One Concern,"Menlo Park, CA",https://www.indeed.com/viewjob?jk=ff36a50c829cc6ae
Junior Software Engineer,"Agilysys, Inc.","Bellevue, WA",https://www.indeed.com/viewjob?jk=c3b8fe962f9f92f7
Quantitative Portfolio Assistant,Eaton Vance,United States,https://www.indeed.com/viewjob?jk=a1c53f55676dd644
